Image,Similarity (%),Remark
12345_Flutter_CMP_Basic_p1.png,75.58,75.5851D22703_Flutter_CMP_Basic_p4.png,100.00,100.00
51D22703_Flutter_CMP_Basic_p4.png,100.00,100.00
51D22703_Flutter_CMP_Basic_p4.png,11.80,11.80
51D22703_Flutter_CMP_Basic_p4.png,6.97,6.97
51D22703_Flutter_CMP_Basic_p4.png,5.47,5.47
51D22703_Flutter_CMP_Basic_p4.png,3.23,3.23
51D22703_Flutter_CMP_Basic_p4.png,32.09,32.09
51D22703_Flutter_CMP_Basic_p3.png,100.00,100.00
51D22703_Flutter_CMP_Basic_p3.png,100.00,100.00
51D22703_Flutter_CMP_Basic_p3.png,26.81,26.81
51D22703_Flutter_CMP_Basic_p3.png,12.47,12.47
51D22703_Flutter_CMP_Basic_p3.png,8.04,8.04
51D22703_Flutter_CMP_Basic_p3.png,6.22,6.22
51D22703_Flutter_CMP_Basic_p3.png,100.00,100.00
51D22703_Flutter_CMP_Basic_p3.png,100.00,100.00
51D22703_Flutter_CMP_Basic_p3.png,100.00,100.00
51D22703_Flutter_CMP_Basic_p3.png,100.00,100.00
51D22703_Flutter_CMP_Basic_p3.png,100.00,100.00
51D22703_Flutter_CMP_Basic_p1.png,75.58,75.58
51D22703_Flutter_CMP_Basic_p1.png,75.58,75.58
51D22703_Flutter_CMP_Basic_p1.png,20.35,20.35
51D22703_Flutter_CMP_Basic_p1.png,8.42,8.42
51D22703_Flutter_CMP_Basic_p1.png,5.47,5.47
51D22703_Flutter_CMP_Basic_p1.png,2.33,2.33
51D22703_Flutter_CMP_Basic_p1.png,75.58,75.58
51D22703_Flutter_CMP_Basic_p1.png,75.58,75.58
51D22703_Flutter_CMP_Basic_p1.png,75.58,75.58
51D22703_Flutter_CMP_Basic_p2.png,99.77,100.00
51D22703_Flutter_CMP_Basic_p2.png,100.00,100.00
51D22703_Flutter_CMP_Basic_p2.png,12.47,12.47
51D22703_Flutter_CMP_Basic_p2.png,11.80,11.80
51D22703_Flutter_CMP_Basic_p2.png,11.41,11.41
51D22703_Flutter_CMP_Basic_p2.png,1.36,1.36
51D22703_Flutter_CMP_Basic_p2.png,99.77,100.00
51D22703_Flutter_CMP_Basic_p2.png,72.85,72.85
1H3424323_Flutter_CMP_Basic_p1.png,10.00,10.00
1H3424323_Flutter_CMP_Basic_p1.png,98.64,100.00
1H3424323_Flutter_CMP_Basic_p1.png,11.08,11.08
1H3424323_Flutter_CMP_Basic_p1.png,10.00,10.00
1H3424323_Flutter_CMP_Basic_p1.png,5.68,5.68
1H3424323_Flutter_CMP_Basic_p1.png,3.98,3.98
1H3424323_Flutter_CMP_Basic_p1.png,81.40,81.40
1H3424323_Flutter_CMP_Basic_p1.png,81.40,81.40
1H3424323_Flutter_CMP_Basic_p1.png,45.25,45.25
1H3424323_Flutter_CMP_Basic_p1.png,48.80,48.80
1H3424323_Flutter_CMP_Basic_p1.png,48.80,48.80
1H3424323_Flutter_CMP_Basic_p1.png,42.17,42.17
1H3424323_Flutter_CMP_Basic_p2.png,99.77,100.00
1H3424323_Flutter_CMP_Basic_p2.png,99.77,100.00
1H3424323_Flutter_CMP_Basic_p2.png,11.41,11.41
1H3424323_Flutter_CMP_Basic_p2.png,11.14,11.14
1H3424323_Flutter_CMP_Basic_p2.png,5.71,5.71
1H3424323_Flutter_CMP_Basic_p2.png,4.48,4.48
1H3424323_Flutter_CMP_Basic_p1.png,75.58,75.58
1H3424323_Flutter_CMP_Basic_p1.png,75.58,75.58
1H3424323_Flutter_CMP_Basic_p1.png,75.58,75.58
1H3424323_Flutter_CMP_Basic_p1.png,75.58,75.58
1H3424323_Flutter_CMP_Basic_p1.png,75.58,75.58
1H3424323_Flutter_CMP_Basic_p1.png,75.58,75.58
1H3424323_Flutter_CMP_Basic_p1.png,10.14,10.14
dsds_Flutter_CMP_Basic_p1.png,75.58,75.58
dsds_Flutter_CMP_Basic_p1.png,75.58,75.58
dsds_Flutter_CMP_Basic_p1.png,20.35,20.35
dsds_Flutter_CMP_Basic_p1.png,8.42,8.42
dsds_Flutter_CMP_Basic_p1.png,5.22,5.22
dsds_Flutter_CMP_Basic_p1.png,2.33,2.33
dsds_Flutter_CMP_Basic_p2.png,99.77,100.00
dsds_Flutter_CMP_Basic_p2.png,100.00,100.00
dsds_Flutter_CMP_Basic_p2.png,12.47,12.47
dsds_Flutter_CMP_Basic_p2.png,11.80,11.80
dsds_Flutter_CMP_Basic_p2.png,10.87,10.87
dsds_Flutter_CMP_Basic_p2.png,1.36,1.36
51D22703_Flutter_CMP_Basic_p1.png,75.58,75.58
51D22703_Flutter_CMP_Basic_p2.png,69.84,69.84
51D22703_Flutter_CMP_Basic_p2.png,99.77,100.00
51D22703_Flutter_CMP_Basic_p2.png,100.00,100.00
51D22703_Flutter_CMP_Basic_p2.png,99.77,100.00
51D22703_Flutter_CMP_Basic_p2.png,99.77,100.00
51D22703_Flutter_CMP_Basic_p2.png,99.77,100.00
51D22703_Flutter_CMP_Basic_p2.png,99.77,100.00
51D22703_Flutter_CMP_Basic_p2.png,69.84,69.84
51D22703_Flutter_CMP_Basic_p2.png,99.77,100.00
51D22703_Flutter_CMP_Basic_p2.png,99.77,100.00
51D22703_Flutter_CMP_Basic_p2.png,99.77,100.00
51D22703_Flutter_CMP_Basic_p2.png,99.77,100.00
51D22703_Flutter_CMP_Basic_p2.png,99.77,100.00
51D22703_Flutter_CMP_Basic_p2.png,99.77,100.00
51D22703_Flutter_CMP_Basic_p2.png,99.77,100.00
51D22703_Flutter_CMP_Basic_p2.png,99.77,100.00
51D22703_Flutter_CMP_Basic_p2.png,99.77,100.00
51D22703_Flutter_CMP_Basic_p2.png,99.77,100.00
51D22703_Flutter_CMP_Basic_p2.png,99.77,100.00
51D22703_Flutter_CMP_Basic_p2.png,99.77,100.00
51D22703_Flutter_CMP_Basic_p2.png,99.77,100.00
51D22703_Flutter_CMP_Basic_p2.png,99.77,100.00
51D22703_Flutter_CMP_Basic_p2.png,100.00,100.00
51D22703_Flutter_CMP_Basic_p2.png,99.77,100.00
51D22703_Flutter_CMP_Basic_p2.png,99.77,100.00
51D22703_Flutter_CMP_Basic_p2.png,99.77,100.00
51D22703_Flutter_CMP_Basic_p2.png,99.77,100.00
51D22703_Flutter_CMP_Basic_p2.png,99.77,100.00
51D22703_Flutter_CMP_Basic_p2.png,99.77,100.00
