Student Answer,Problem Type,Model v1 (CPU),Model v2 (GPU)
09B222461_Flutter_CWP_Basic_p1,p1(Text),0.78,-
09B222461_Flutter_CWP_Basic_p2,p2(InputBox),LongInput,0.74
09B222461_Flutter_CWP_Basic_p3,p3(button),0.72(Text),0.34
09B222461_Flutter_CWP_Basic_p4,p4(checkbox),0.55,-
09B222461_Flutter_CWP_Basic_p5,p5(dropdown),0.50,-
09B22401_Flutter_CWP_Basic_p1,p1(Text),0.89,-
09B22401_Flutter_CWP_Basic_p2,p2(InputBox),LongInput,0.47
09B22401_Flutter_CWP_Basic_p3,p3(button),Error,-
09B22401_Flutter_CWP_Basic_p4,p4(checkbox),0.61,-
09B22401_Flutter_CWP_Basic_p5,p5(dropdown),0.63(Text),0.60
09B22407_Flutter_CWP_Basic_p1,p1(Text),0.80,-
09B22407_Flutter_CWP_Basic_p2,p2(InputBox),0.79,-
09B22407_Flutter_CWP_Basic_p3,p3(button),0.70(Text),0.53
09B22407_Flutter_CWP_Basic_p4,p4(checkbox),0.84,-
09B22407_Flutter_CWP_Basic_p5,p5(dropdown),0.29,-
09B22438_Flutter_CWP_Basic_p1,p1(Text),Error,-
09B22438_Flutter_CWP_Basic_p2,p2(InputBox),Error,-
09B22438_Flutter_CWP_Basic_p3,p3(button),Error,
09B22438_Flutter_CWP_Basic_p4,p4(checkbox),Error,-
09B22438_Flutter_CWP_Basic_p5,p5(dropdown),Error,-
09B22439_Flutter_CWP_Basic_p1,p1(Text),0.87,-
09B22439_Flutter_CWP_Basic_p2,p2(InputBox),0.67(text)/0.45(checkbox),-
09B22439_Flutter_CWP_Basic_p3,p3(button),0.78(Text),0.31
09B22439_Flutter_CWP_Basic_p4,p4(checkbox),0.59,-
09B22439_Flutter_CWP_Basic_p5,p5(dropdown),0.69,-
09B22440_Flutter_CWP_Basic_p1,p1(Text),0.88,-
09B22440_Flutter_CWP_Basic_p2,p2(InputBox),0.83,-
09B22440_Flutter_CWP_Basic_p3,p3(button),Not detected,0.72
09B22440_Flutter_CWP_Basic_p4,p4(checkbox),0.58,-
09B22440_Flutter_CWP_Basic_p5,p5(dropdown),0.71,-
09B22445_Flutter_CWP_Basic_p1,p1(Text),0.77,-
09B22445_Flutter_CWP_Basic_p2,p2(InputBox),LongInput,0.45
09B22445_Flutter_CWP_Basic_p3,p3(button),0.73(Text),0.43
09B22445_Flutter_CWP_Basic_p4,p4(checkbox),0.57,-
09B22445_Flutter_CWP_Basic_p5,p5(dropdown),0.69(Text),0.32
09B22470_Flutter_CWP_Basic_p1,p1(Text),0.90,-
09B22470_Flutter_CWP_Basic_p2,p2(InputBox),LongInput,0.59
09B22470_Flutter_CWP_Basic_p3,p3(button),0.72(Text),0.34
09B22470_Flutter_CWP_Basic_p4,p4(checkbox),0.52,-
09B22470_Flutter_CWP_Basic_p5,p5(dropdown),0.70,-
09B22478_Flutter_CWP_Basic_p1,p1(Text),0.88,-
09B22478_Flutter_CWP_Basic_p2,p2(InputBox),Long Line,-
09B22478_Flutter_CWP_Basic_p3,p3(button),0.72(Text),0.34
09B22478_Flutter_CWP_Basic_p4,p4(checkbox),0.56,-
09B22478_Flutter_CWP_Basic_p5,p5(dropdown),0.73,-
09B22490_Flutter_CWP_Basic_p1,p1(Text),0.88,-
09B22490_Flutter_CWP_Basic_p2,p2(InputBox),Error,-
09B22490_Flutter_CWP_Basic_p3,p3(button),0.63(Text),0.58
09B22490_Flutter_CWP_Basic_p4,p4(checkbox),Error,-
09B22490_Flutter_CWP_Basic_p5,p5(dropdown),Error,-
09B22491_Flutter_CWP_Basic_p1,p1(Text),0.89,-
09B22491_Flutter_CWP_Basic_p2,p2(InputBox),Error,-
09B22491_Flutter_CWP_Basic_p3,p3(button),0.73(Text),0.43(Text)
09B22491_Flutter_CWP_Basic_p4,p4(checkbox),0.58,-
09B22491_Flutter_CWP_Basic_p5,p5(dropdown),Error,-
09B22495_Flutter_CWP_Basic_p1,p1(Text),0.88,-
09B22495_Flutter_CWP_Basic_p2,p2(InputBox),0.84,-
09B22495_Flutter_CWP_Basic_p3,p3(button),0.73(Text),0.43(Text)
09B22495_Flutter_CWP_Basic_p4,p4(checkbox),0.60,-
09B22495_Flutter_CWP_Basic_p5,p5(dropdown),0.67 Text,0.58
09B22498_Flutter_CWP_Basic_p1,p1(Text),0.83,-
09B22498_Flutter_CWP_Basic_p2,p2(InputBox),LongInput,0.62
09B22498_Flutter_CWP_Basic_p3,p3(button),0.75(Text),0.50(Text)
09B22498_Flutter_CWP_Basic_p4,p4(checkbox),0.58,-
09B22498_Flutter_CWP_Basic_p5,p5(dropdown),0.88,-
09B22500_Flutter_CWP_Basic_p1,p1(Text),0.90,-
09B22500_Flutter_CWP_Basic_p2,p2(InputBox),Error,-
09B22500_Flutter_CWP_Basic_p3,p3(button),0.74(Text),0.38(Text)
09B22500_Flutter_CWP_Basic_p4,p4(checkbox),0.61,-
09B22500_Flutter_CWP_Basic_p5,p5(dropdown),Error,-
09B22570_Flutter_CWP_Basic_p1,p1(Text),0.83,-
09B22570_Flutter_CWP_Basic_p2,p2(InputBox),Not Detected,Long Input
09B22570_Flutter_CWP_Basic_p3,p3(button),0.72(Text),0.34
09B22570_Flutter_CWP_Basic_p4,p4(checkbox),0.57,-
09B22570_Flutter_CWP_Basic_p5,p5(dropdown),Error,-
09B22573_Flutter_CWP_Basic_p1,p1(Text),0.78,-
09B22573_Flutter_CWP_Basic_p2,p2(InputBox),LongInput,0.51
09B22573_Flutter_CWP_Basic_p3,p3(button),0.65(Text),0.28
09B22573_Flutter_CWP_Basic_p4,p4(checkbox),0.55,0.58
09B22573_Flutter_CWP_Basic_p5,p5(dropdown),0.71(Text),0.60
09B22578_Flutter_CWP_Basic_p1,p1(Text),0.87,-
09B22578_Flutter_CWP_Basic_p2,p2(InputBox),0.84,-
09B22578_Flutter_CWP_Basic_p3,p3(button),0.72(Text),0.34
09B22578_Flutter_CWP_Basic_p4,p4(checkbox),0.59,-
09B22578_Flutter_CWP_Basic_p5,p5(dropdown),0.26,-
09B22583_Flutter_CWP_Basic_p1,p1(Text),0.79(Japan Text + Flutter),-
09B22583_Flutter_CWP_Basic_p2,p2(InputBox),Error,-
09B22583_Flutter_CWP_Basic_p3,p3(button),Error,
09B22583_Flutter_CWP_Basic_p4,p4(checkbox),Error,-
09B22583_Flutter_CWP_Basic_p5,p5(dropdown),0.52,-
09B22591_Flutter_CWP_Basic_p1,p1(Text),0.27(checkbox),0.64(checkbox)
09B22591_Flutter_CWP_Basic_p2,p2(InputBox),LongInput,0.34
09B22591_Flutter_CWP_Basic_p3,p3(button),0.83(Inputbox/Japan),0.37(Dropdown)
09B22591_Flutter_CWP_Basic_p4,p4(checkbox),Error,-
09B22591_Flutter_CWP_Basic_p5,p5(dropdown),Error,-
09B22619_Flutter_CWP_Basic_p1,p1(Text),0.74,-
09B22619_Flutter_CWP_Basic_p2,p2(InputBox),LongInput,0.77
09B22619_Flutter_CWP_Basic_p3,p3(button),0.71(Dropdown/Japan),0.30
09B22619_Flutter_CWP_Basic_p4,p4(checkbox),0.56,-
09B22619_Flutter_CWP_Basic_p5,p5(dropdown),0.46/0.76,0.54
Exercise2,p2(InputBox),0.30(Dropdown/Input/Button/Text),-
Exercise3,p3(button),0.73(Text),0.43(Text)
Exercise4,p4(checkbox),0.61,-
Exercise5,p5(dropdown),0.45,0.59
Exercize1,p1(Text),0.77,-
